,time,load
0,2020-04-01 10:45:18.428360,49.73268127441406
